timestamp,cell_id,ue_count,traffic_mbps,latency_ms,packet_loss_pct,resource_utilization
2026-09-30 10:00:00,Cell_1,100,50,15,0.1,30
2026-09-30 10:05:00,Cell_1,200,100,18,0.2,40
2026-09-30 10:10:00,Cell_1,300,150,22,0.4,55
2026-09-30 10:15:00,Cell_1,500,250,30,1.0,70
2026-09-30 10:20:00,Cell_1,700,400,45,2.0,85
2026-09-30 10:25:00,Cell_1,850,550,58,3.5,92
2026-09-30 10:00:00,Cell_2,120,60,16,0.1,32
2026-09-30 10:05:00,Cell_2,220,110,19,0.2,42
2026-09-30 10:10:00,Cell_2,310,160,23,0.3,53
2026-09-30 10:15:00,Cell_2,480,240,29,0.9,68
2026-09-30 10:20:00,Cell_2,680,390,43,1.8,82
2026-09-30 10:25:00,Cell_2,900,600,62,4.1,96
2026-09-30 10:30:00,Cell_1,150,900,150,15.0,99